{"cameraMode":{"drawMode":0,"name":"Shaded","section":"Shading Mode"},"sceneLighting":false,"audioPlay":false,"sceneViewState":{"m_AlwaysRefresh":false,"showFog":true,"showSkybox":false,"showFlares":true,"showImageEffects":true,"showParticleSystems":true,"showVisualEffectGraphs":true,"m_FxEnabled":true},"in2DMode":false,"pivot":{"x":0.4399019777774811,"y":1.9658255577087403,"z":0.9984564781188965},"rotation":{"x":0.011186535470187664,"y":-0.3617730140686035,"z":-0.0043442812748253349,"w":-0.9321943521499634},"size":0.10100223869085312,"orthographic":false}