{"cameraMode":{"drawMode":0,"name":"Shaded","section":"Shading Mode"},"sceneLighting":true,"audioPlay":false,"sceneViewState":{"m_AlwaysRefresh":false,"showFog":true,"showSkybox":true,"showFlares":true,"showImageEffects":true,"showParticleSystems":true,"showVisualEffectGraphs":true,"m_FxEnabled":true},"in2DMode":false,"pivot":{"x":-0.5627758502960205,"y":2.2948689460754396,"z":-5.615500450134277},"rotation":{"x":0.006843149662017822,"y":0.9921669363975525,"z":-0.10788219422101975,"w":0.06288902461528778},"size":1.4621007442474366,"orthographic":false}