{"cameraMode":{"drawMode":0,"name":"Shaded","section":"Shading Mode"},"sceneLighting":false,"audioPlay":false,"sceneViewState":{"m_AlwaysRefresh":false,"showFog":true,"showSkybox":false,"showFlares":true,"showImageEffects":true,"showParticleSystems":true,"showVisualEffectGraphs":true,"m_FxEnabled":true},"in2DMode":false,"pivot":{"x":0.14215707778930665,"y":1.794421911239624,"z":-2.064915418624878},"rotation":{"x":-0.041587136685848239,"y":0.9250914454460144,"z":-0.10620950907468796,"w":-0.3622173070907593},"size":3.3837649822235109,"orthographic":false}