{"cameraMode":{"drawMode":0,"name":"Shaded","section":"Shading Mode"},"sceneLighting":false,"audioPlay":false,"sceneViewState":{"m_AlwaysRefresh":false,"showFog":true,"showSkybox":false,"showFlares":true,"showImageEffects":true,"showParticleSystems":true,"showVisualEffectGraphs":true,"m_FxEnabled":true},"in2DMode":false,"pivot":{"x":-0.07841300964355469,"y":-2.421354293823242,"z":-1.1352238655090333},"rotation":{"x":-0.32148173451423647,"y":0.4179480969905853,"z":-0.16111057996749879,"w":-0.8343386650085449},"size":16.003149032592775,"orthographic":false}