{"cameraMode":{"drawMode":0,"name":"Shaded","section":"Shading Mode"},"sceneLighting":false,"audioPlay":false,"sceneViewState":{"m_AlwaysRefresh":false,"showFog":true,"showSkybox":false,"showFlares":true,"showImageEffects":true,"showParticleSystems":true,"showVisualEffectGraphs":true,"m_FxEnabled":true},"in2DMode":false,"pivot":{"x":0.0950002670288086,"y":0.09225177764892578,"z":0.27000001072883608},"rotation":{"x":-0.287546306848526,"y":0.27315112948417666,"z":-0.08599104732275009,"w":-0.9140133261680603},"size":15.96391773223877,"orthographic":false}