{"cameraMode":{"drawMode":0,"name":"Shaded","section":"Shading Mode"},"sceneLighting":false,"audioPlay":false,"sceneViewState":{"m_AlwaysRefresh":false,"showFog":true,"showSkybox":false,"showFlares":true,"showImageEffects":true,"showParticleSystems":true,"showVisualEffectGraphs":true,"m_FxEnabled":true},"in2DMode":false,"pivot":{"x":-13.176527976989746,"y":1.7451562881469727,"z":-1.1443558931350709},"rotation":{"x":-0.08169431239366532,"y":0.8932386636734009,"z":-0.1808912307024002,"w":-0.40340280532836916},"size":2.5983784198760988,"orthographic":false}